{"file_hashes":[{"block_hashes":["mPuOxJAVQFfvYNkimNtf6XKhTcFZvFSrUBLoLWA4q1Q=","aBoFXGC5l+R7Aj0StXgKOPGcWiny7W6stZkdZh9HaXg=","nTKUlBkkS3WgmZX5CDY7+IBaUsnudCr8FPQRTWMW1+Q=","9y4G/EXLaol3CglParOg2LUiSYNOzp015KmdK5Ip+cw=","+yJjrR7A067X62GfZDE8U+uH7aPOVS09yM/wBoB3fzs="],"block_size":4096,"path":"LICENSE.txt"},{"block_hashes":["pan/QPJpdHwYY3yPwdDfTTbz8IcCj9L3Ua0L++HWsxM=","vUE2AipnDoGYynp5BZyf6plrl05zrzMMQATrxbGVzkQ=","CzCi/hJ8MAlf/o9sokNEqZc5Gft57uzVqYZTrjPrQ14=","dniIBe1Sqlj9fFFJlXkdkq21B48R/9SNdN5/glI+EXk=","3gtTw1bON15eTdKKp2SHP0T3sCzqpsS75Fnp5HHNjmw=","rukzxv9SqlZxlcBF4P2MDq6RV34vJFEM1PbHIeK2hGw=","PE2pHUqqVhBOEMXtgjL0nS7pR6ZtZPt3yq1a921NzRk=","/aBSmgcj0EnARzGSFyRCGmvAqkY1oC8jn+FeetSbMKc=","sN8Fp9yBSTNhnETGcV3wfUO88oeMeMzOPQt/yCVauHE=","LaV40TbWW3qpXJ3FA2Gyibqm2EcPjRtDJB+I9Aba+Oo=","5wv7C1yhiFP5DZPtYzfjr8FHRsB2gnFfX+K9k0tR0UQ=","o0Ez/TpiaIEjQs0YvRjf5rXDNJvci225fPS6n3b+VUo=","UU1raYhmn6M/4zubeda30LnKZ6OgBV+VlwWCxWQiHcM=","6vJI5iXL5P4BVQBZCzed6cyenN062g9BHot3QEHEF/4=","9yGJ0xnobTGLvoNFiq81kEvrWFev5EET3O3pVPl1K3A=","XsOQ+NYSnUA7rp6Xk41PzwHCwAjJ4OPKdDVWBYwrNK8=","ZZBzkFggu7atr/2/SYPKsh1aAIc3r7Kk3XaLRjhfzJ0=","TBOGC5asP3u7ZGfWhy8dLYnQnTIcZ5/xSzq79CbAePo=","Gq9HQ92cdr7risxdlX0Z/OkfKfW7avRQUn2Bt88clB0=","Xgv/2STP7VDAKEbTPhPgiUb5UNjVouQKgIIAlVLBDNs=","F2kbmG8OMjXWco9aicPDl8pfO1zTKBzboFmvrOhyjcc=","YY+200mCWs8FRt9Q+NS3LORz+XWH0Q72klPWmPBLo1g=","L1xFjW4Ua01L1/6rW4JmvOKwNxA+LLSx+XpYJgAT3co="],"block_size":4096,"path":"background.js"},{"block_hashes":["rnMzpSIU76/JLREO0C0psEMU6iCRjXtnLn+79fYv3zE=","qt6oWjGN8zsMrM124kONCZCa+fMIE7BlbgfJEX+iEHE="],"block_size":4096,"path":"comments-panel.html"},{"block_hashes":["hrQB75wQIgJW9LqFOD9x5yhStgE+aJxDry96e3NTFic="],"block_size":4096,"path":"content-fontface.js"},{"block_hashes":["mh62lNXmHRooPxwrztKiMhs1o0Qa2qZbzZcJHYGEuVs=","iDus+5HRu9xozl0wnNoEsilF8S4uPFj1kr87ZqEwlTI=","QpobsId2nUFBSpMzaB7B/wkaM4udrWYd2EsGkD8lyQ4="],"block_size":4096,"path":"content-frame.js"},{"block_hashes":["4mBlzcNzsaRAr8O6qQxUAb6th2HYWRsrYsEiKEnicVg=","l8DzkVRR053OB2w3a0L/tDuknRNluFkcWFri3GgDUoA=","ERPEBkdP/fFDEnuy+dqy1s8a4gq5QR2fDpcJEbNalHI=","FRrKnRvk/aTzqZ9W2ZGMgNH6xUCSVIen6IJPJJvZCoI=","YbRvwQmQq06KkXN9Xg83ozv1di7fB1faHr2x3zhi/xY=","EryylzCA7NlZPVS69knRo/AH/yiMkciuBJ0YkmHRn48=","O6hP/HK4YMjoYPj91lyn7J0x8YMOjyz0teOJpwws2TQ=","o5DovYF5KH4nWIfb3MEfIfphJN5uTEnaBlO8XEpYnz4=","0FeA8uht+2f2mz2j0qJTWLnAKv4Nra2dUX+QoSCk/pA=","KesQUEtSy4bQgIpIE2e8cvYRxUtNLooOG+XGAk8f+s4=","g7y6Vnrm8UXZPIA2BTmXBNgLAkqGVu3Eu2TWKPfDtlc=","9Te3DCa1NbIhwuH7sVmacS/RfxiDBV7ns81RMJmZpc8=","EI4wWe3ipn0ow2MND7CFJ6/8LUK4O6Mq9CY15FEflKM=","dcaYdk4UGNzmcQKvssMmUVFeS9iPdW9PAefDGGQwEjo=","EhwyRRtTC+L3IQZN9vpkOcPn6MINaln+fRDUH9YBZJY=","S+6ZsH5F9Yo3v5/I+lK3XlI10Ah5ul1fWN1hWRjXgyE=","wGW1CM38HOyAjvOGeziVfg5Q5TSw1hWdTz+rydEoPkQ=","wXFJ3+WPfxpQjWBaJjtbUpG7IeFuSqv9aG7+DVgdA0w=","sAoZtwknH70lbbaAK68UE/XMrhbeEs5XqLF759h5BYc=","CDbSrUSg9VsP3f0PrvwBGnb3tHa87CT5V+fP5Pcb0Mw=","KyjOIYMDjs6X5EklFwOEkspLUylggXl4Dom/JcbJSzo=","kX483ButsEzXIMrpegdIrCLH9fyD8qxJKPGdeepZStI=","1aS+gTXG+vPWlSRtCo9fY0uYP5B9de7ixInnlWnyUHw=","XAB/KN9mXYPOsO3ZmlqVn1PY7vg4gicG0B8CkfYFm/Y=","C6Skmjltv2LaZQ0xeSZ0UihEgwZ/Vu+QIdBgpYgUhzQ=","igpROOjjCWZG2bORz+fQGN2E7SWWyTfbqoNPl7tLT0Q=","RkmBpmJ9P964QQWIgGWLoSa7+XcgFCJ7pfGok2qYJoU=","Upqv1gDI/uDgQS6532wBs//WvNpnAyDLNf1CQUbS3pk=","ymmhVJae8Zyjr+S87FUoXPIAdZjfWTJCZUzbTQGwIb8=","l/sRbjPEZZA0wsv2yqEd++IrFT5qnncgLI/WpR6OJL4=","U3wZ6AWSQoxu2Uz0lzffHoY8bjFf7Az+oPNDZ3iwMCY=","C/JTGN70MlqkJ8UHeeIyeOV1Ss+tFWgXhHcoGOfv3UM=","4rCJl9IyRxzF301ckaWT8DTUpFqevw5GDFzP3PXgeeY=","PlKebbbPHjOQacIyTcgdsV5Yz4fgoZD8SNERPr33UN0=","gTxw4X4QCRHmVjkpNYH1SMAl+6m+k1NX3QIwIKiVRF8=","X+GiprVht/A8GsDMq4Wc97CTSP5GdOcYkVMhi7rpEnM=","hfJrky5Mkh8ITd4jzpCTbYFLhLU+16HD3Mg4HMEuRgI=","fGu/zfu/jYDFSjLRy5486qr/0O8HtpqU3V7a6Zkwfso=","UmooTIkSZ7XWCty1RFR8N8UOrUylEVvt3CmSRr6W9HQ=","4qFBPkoVizAtXT527OMXDwkiiJpkSD6nyFk6/en9IRs=","0CMn2WE6Scht18Yb8BkjVYXaZn23LVbozFfRjVkRhOY=","dZTIWAU8Gad+I1sD7wgFP+577CGXNJusF/O91eobRgU=","myfx9OPQx4fOpJx8vB0OCkjKuCm/PU4Er0vLl5B/v3g=","1gWYdCFrBnLiyazM0tXbFdi0Y845dWvsnHvtqloSTTU=","aeBnyuPva806vkx4bDgsm8+RaQqg7zG9phsaPsIQLE0=","LFxAhRP5iAsEYcNbdVbCw6F3LIkNI3QjbjLRpsnQ9kU=","PhcllCsHDDXiv9JZCdX9i/b83L7q95c9DDlFYGm/BG8=","fqj5Zxhd85DoDlVk8SrbZ5UKPg9pQoMKRhk42lcxr8Y=","lRi9fNxDBtKLWZNpDxejpOut3Y/sMMDV9A6SUGuFlBI=","1Q05RJ+q3AirbTzWxjQlgJtv1JnDr9OQdcfJuLKf8gE=","J2AD1mbvfdbqiAHNpdRYhD0QRSMraQtoUnW0npfKMUI=","Mz2XjpYnqgrY7easwBmpR3zXaikP/sT/gI5aQkD9HjM=","/3Ceu902/gq1cJ5aCWRtRgUcNm+P4Rf0tATU9Al1guw=","boUE3Bp7WYbewI4VnaTQAf4aveYNsB/Q/P8KrQsabzc=","uqv1qAEzWugAKb8E9y5eTAh73MaMlLJgFSIPG1G5sME=","AUHxYvZ/Fl3u0nfXATiUm+20rYZwJa4J2aXfNFuVbBU=","gUdeQg2wnR/8kloQs0stqfiQrSp3pBNahGvGd+3Eyic=","sfHn0tLff8Uzmjh50uJtiugx/8UKGaQa6akXwj8Pyk8=","Di3Hg5NvtklxMXlPzzi1F2P+uIvqjEjsiQ6JduTQmyU=","kDRBdsQyjS7iigOlGpKmCpf0jcZVFtqHbgoMdObWRqk=","4QJc3b2DPfWLCcJOrKebQQsL37hrk7tcQFer1/nQT60=","ws/84YBxoYMqYRrIl6d4Uty8lQwsM2qEcM+QutzAyMU=","uFRR2tygJJla40/mm44mmcFUsd+jBFfxmSr5pea1mOo="],"block_size":4096,"path":"content.js"},{"block_hashes":["Dc/zx2G6uhryj5Ri8J7g4MPmDovp2MV66ev743pJ2KE="],"block_size":4096,"path":"icon16-disabled.png"},{"block_hashes":["gNZ+5u7jxld6nBOrdB5Bdv00ErrtBF+dz79pwpN0I1Q=","uTQFFZMW/Ukh3oaovv9I9e1oSkxrd26FXY77mYCdEqg="],"block_size":4096,"path":"lazyload-panel.html"},{"block_hashes":["3Q8o+UXYPiGpowvtOVejeQBN9ztbZgYbFPukLv3sWxQ="],"block_size":4096,"path":"manifest-GC.json"},{"block_hashes":["JCWDcIDfo13y9dSrYR+1jVrvXccfQgjRhvy4XXQ4QNM="],"block_size":4096,"path":"manifest-MF.json"},{"block_hashes":["s6Idv1uc3ZTcMhJXApDzp4yMx4y3oYfFckCiwnRY15I=","IeXyzVRmA64rA8k3OFzK7grrGT4aV1M83aMGxLuTZ9w="],"block_size":4096,"path":"message-panel.html"},{"block_hashes":["V4lwVUMqP9LIGp5AfFnHCR1D6YutB5INZWAj+7ab11o=","LChr6GicUCPdvnuqLB93cbFJYC6QrjBykCRPZ1wp7pU=","EJkTb+voVp3HGB9njbGbUvdiU/DlFtqZCtn/W3cVUMY=","RPGbr8gYprRxhMX9b5jI7wi3mYoVMTpxnHtgl3+VqK8=","C4Jp5a4hhuHPkxLRdZn9g71+AFVxZhzXdR6ljnm7HSk=","qd6WDNLXvWvbWcQImkyztIln+4suVlyWd0OO2Kk2Pek=","SIdIsNIOXa+wXpbQzpsW1AdqD17d0q+C96xftLJQBtI=","nRBjdi8+eptE3mb5ttjN4kXQlKdGMgMZIL00hQ42HAY=","UrN+hZw/LDel/XALnWffr2ieKItHq80AcFePXvi3mVQ="],"block_size":4096,"path":"options.html"},{"block_hashes":["KwsLTWI41JFRwmpnH88nulh9a/b3hx8hu2hwvsWPuS0=","/PDZL15Ub+XF47lW1LilsWEeuLBpmIM7YjaLn9Jvu6o=","E1X/awPotBgcRYQFHWrf/ZUGeaxZ7I4kh1em+MNoFh4=","/DLOFl6Qs8f/ckqLESwa3cHr0bFVtVMee3IIcsMvIi0=","2AbGgvgyHSYu9cjXCKjZGmrahKLze6NW2IrCGrCKMTo=","AxW0N0TzyvI1Z4Oe36/3Rd4c5+iuxX1lY2xfLE9KGVo=","FQe6v6oFWT6f+3+oS6o2+Zmhl2Cr04pIEPRzHW/26PM=","ABvWvIWGqe8jo6cKgsJUeSraqSR/d1l0EkUdiCcCr0U=","X6iyWfmVT7Z9i5xCKxy3cjNDpp87aCz1LwvLrN0LF0I=","+bf6QuSTjfGxtXeuO7eaClk564bWuqFIc01ToYoIA7I="],"block_size":4096,"path":"options.js"},{"block_hashes":["seBbqRw7jkJApj2fCGAzgtMd0eMSr3uGobJ6x3fA7jY="],"block_size":4096,"path":"pageinfo-bar-compressed.html"},{"block_hashes":["BtFUVhi2snl1560oPVKNOmidlEfpMzmb4hj8D+I77h0=","tK4r/SvpDwcjHCVjIYCRNktBLZhUxpiPxuUMB5R8TLU="],"block_size":4096,"path":"pageinfo-bar.html"},{"block_hashes":["Mo7rlI0602XHhXduIlYiV5DZb7DDbTEM/9pmsG1ay1w=","h46HhXN7rSB4/vZDzwo8O6OvIeqz5WiMb66TEr9Jd1Q=","amM21iFrlq9xEX2sQJP4zIwZnRlGmAZKoKJ4YtBj4Go="],"block_size":4096,"path":"pageinfo-panel.html"},{"block_hashes":["92WAZSwYFV9eZ0q87mtn93PWNTiVXsrswcoSQWhjdno="],"block_size":4096,"path":"shadowloader-compressed.js"},{"block_hashes":["3iGYVaJjOpbu1Cqs3rQSeVEpb9zfiyG4zUlYIcgwstU="],"block_size":4096,"path":"shadowloader.js"},{"block_hashes":["c+rOpUM5/qUa9EZrv7/og5+OHse1xb0UEHXqq/HlUvo=","t48+uBoKHclx/W3IqwsmQs13Qi5Ce47qdrK4GLtmcjY="],"block_size":4096,"path":"unsaved-panel.html"}],"version":2}